canon,alias_found,book_id,title,canonical_title,author,canonical_author,collection,language,library_section,chunk_count,char_count,pages_extracted,es_indexed,fidelity_dist,obs
Inácio de Antioquia,Inácio de Antioquia,2090,Cartas Santo Inácio de Antioquia,Cartas Santo Inácio de Antioquia,Santo Inácio de Antioquia,Santo Inácio de Antioquia,PT,pt,patristica,26,72222,26,26,"{""unverified"": 11, ""verified"": 15}",
Inácio de Antioquia,Santo Inácio de Antioquia,2090,Cartas Santo Inácio de Antioquia,Cartas Santo Inácio de Antioquia,Santo Inácio de Antioquia,Santo Inácio de Antioquia,PT,pt,patristica,26,72222,26,26,"{""unverified"": 11, ""verified"": 15}",
Inácio de Antioquia,Padres Apostólicos,9,Patrística Vol. 1 — Padres Apostólicos,Patrística Vol. 1 — Padres Apostólicos,Padres Apostólicos,Padres Apostólicos,PT,pt,patristica,232,680092,192,232,"{""unverified"": 224, ""source_text"": 8}",
Justino Mártir,Justino Mártir,10,I e II Apologias — Diálogo com Trifão,I e II Apologias; Diálogo com Trifão,São Justino Mártir,São Justino Mártir,PT,pt,patristica,245,685293,196,245,"{""unverified"": 39, ""verified"": 205, ""source_text"": 1}",
Justino Mártir,São Justino Mártir,10,I e II Apologias — Diálogo com Trifão,I e II Apologias; Diálogo com Trifão,São Justino Mártir,São Justino Mártir,PT,pt,patristica,245,685293,196,245,"{""unverified"": 39, ""verified"": 205, ""source_text"": 1}",
Gregório de Nissa,Gregório de Nissa,2032,Patrística Vol. 29 — Gregório de Nissa,Patrística Vol. 29 — Gregório de Nissa,São Gregório de Nissa,São Gregório de Nissa,PT,pt,patristica,275,809949,164,275,"{""unverified"": 208, ""source_text"": 67}",
Gregório de Nissa,Gregório de Nissa,2054,Sobre a Vida de Moisés,Sobre a Vida de Moisés,São Gregório de Nissa,São Gregório de Nissa,PT,pt,patristica,94,266348,93,94,"{""unverified"": 93, ""source_text"": 1}",
Agostinho,Agostinho,35,Patrística Vol. 9_2 — Comentário aos Salmos (51-100),Comentário aos Salmos (51-100),Santo Agostinho,Santo Agostinho de Hipona,PT,pt,patristica,955,2740463,659,955,"{""unverified"": 821, ""source_text"": 134}",
Agostinho,Agostinho,43,Patrística Vol. 9_3 — Comentário aos Salmos (101-150),Comentário aos Salmos (101-150),Santo Agostinho,Santo Agostinho de Hipona,PT,pt,patristica,914,2616930,630,914,"{""unverified"": 782, ""source_text"": 132}",
Agostinho,Agostinho,45,Patrística Vol. 11 — Solilóquios; A Vida Feliz,Solilóquios; A Vida Feliz,Santo Agostinho,Santo Agostinho de Hipona,PT,pt,patristica,93,267542,83,93,"{""unverified"": 92, ""source_text"": 1}",
Agostinho,Agostinho,24,Patrística Vol. 7 — A Trindade,,Santo Agostinho,Santo Agostinho de Hipona,PT,pt,patristica,619,1764597,436,619,"{""unverified"": 550, ""source_text"": 69}",
Agostinho,Agostinho,21,Patrística Vol. 8 — O Livre Arbítrio,,Santo Agostinho,Santo Agostinho de Hipona,PT,pt,patristica,216,629770,135,216,"{""unverified"": 167, ""source_text"": 49}",
Agostinho,Agostinho,34,Patrística Vol. 9_1 — Comentário aos Salmos (1-50),Comentário aos Salmos (1-50),Santo Agostinho,Santo Agostinho de Hipona,PT,pt,patristica,714,2047465,510,714,"{""unverified"": 625, ""source_text"": 89}",
Agostinho,Agostinho,44,Patrística Vol. 10 — Confissões,Confissões,Santo Agostinho,Santo Agostinho de Hipona,PT,pt,patristica,307,878908,247,307,"{""unverified"": 306, ""source_text"": 1}",
Agostinho,Agostinho,2013,Patrística Vol. 12 — A Graça (I): O Espírito e a Letra; A Natureza e a Graça; A Graça de Cristo e o Pecado Original,Patrística Vol. 12 — A Graça (I): O Espírito e a Letra; A Natureza e a Graça; A Graça de Cristo e o Pecado Original,Santo Agostinho,Santo Agostinho,PT,pt,patristica,227,648662,184,227,"{""unverified"": 216, ""source_text"": 11}",
Agostinho,Agostinho,2017,Patrística Vol. 16 — Dos Bens do Matrimônio; A Santa Virgindade; Dos Bens da Viuvez,Patrística Vol. 16 — Dos Bens do Matrimônio; A Santa Virgindade; Dos Bens da Viuvez,Santo Agostinho,Santo Agostinho,PT,pt,patristica,202,584769,166,202,"{""unverified"": 191, ""source_text"": 11}",
Agostinho,Agostinho,2020,Patrística Vol. 19 — A Verdadeira Religião; O Cuidado Devido aos Mortos,Patrística Vol. 19 — A Verdadeira Religião; O Cuidado Devido aos Mortos,Santo Agostinho,Santo Agostinho,PT,pt,patristica,140,408484,117,140,"{""unverified"": 137, ""source_text"": 3}",
Agostinho,Agostinho,2014,Patrística Vol. 13 — A Graça (II): A Graça e a Liberdade; A Correção e a Graça; O Dom da Esperança,Patrística Vol. 13 — A Graça (II): A Graça e a Liberdade; A Correção e a Graça; O Dom da Esperança,Santo Agostinho,Santo Agostinho,PT,pt,patristica,212,602743,157,212,"{""unverified"": 195, ""source_text"": 17}",
Agostinho,Agostinho,2018,Patrística Vol. 17 — A Doutrina Cristã,Patrística Vol. 17 — A Doutrina Cristã,Santo Agostinho,Santo Agostinho,PT,pt,patristica,186,549902,160,186,"{""unverified"": 182, ""source_text"": 4}",
Agostinho,Agostinho,2042,Patrística Vol. 39 — A Mentira,Patrística Vol. 39 — A Mentira,Santo Agostinho,Santo Agostinho,PT,pt,patristica,121,356564,95,121,"{""unverified"": 120, ""source_text"": 1}",
Agostinho,Agostinho,2022,Patrística Vol. 21 — Comentário ao Gênesis,Patrística Vol. 21 — Comentário ao Gênesis,Santo Agostinho,Santo Agostinho,PT,pt,patristica,474,1327244,359,474,"{""unverified"": 436, ""source_text"": 38}",
Agostinho,Agostinho,2025,Patrística Vol. 24 — Contra os Acadêmicos; A Ordem; A Grandeza da Alma; O Mestre,Patrística Vol. 24 — Contra os Acadêmicos; A Ordem; A Grandeza da Alma; O Mestre,Santo Agostinho,Santo Agostinho,PT,pt,patristica,293,855352,236,293,"{""unverified"": 276, ""source_text"": 17}",
Agostinho,Agostinho,2026,Patrística Vol. 25 — Explicação das Cartas,Patrística Vol. 25 — Explicação das Cartas,Santo Agostinho,Santo Agostinho,PT,pt,patristica,142,414128,81,142,"{""unverified"": 99, ""source_text"": 43}",
Agostinho,Agostinho,2035,Patrística Vol. 32 — A Fé e o Símbolo; A Disciplina Cristã; A Continência,Patrística Vol. 32 — A Fé e o Símbolo; A Disciplina Cristã; A Continência,Santo Agostinho,Santo Agostinho,PT,pt,patristica,180,518949,136,180,"{""unverified"": 165, ""source_text"": 15}",
Agostinho,Agostinho,2039,Patrística Vol. 36 — O Sermão da Montanha e Escritos sobre a Fé,Patrística Vol. 36 — O Sermão da Montanha e Escritos sobre a Fé,Santo Agostinho,Santo Agostinho,PT,pt,patristica,310,898766,277,310,"{""unverified"": 297, ""source_text"": 13}",
Agostinho,Agostinho,2044,Patrística Vol. 41 — A Simpliciano; Réplica à Carta de Parmeniano,Patrística Vol. 41 — A Simpliciano; Réplica à Carta de Parmeniano,Santo Agostinho,Santo Agostinho,PT,pt,patristica,180,519388,141,180,"{""unverified"": 180}",
Agostinho,Agostinho,2043,Patrística Vol. 40 — A Natureza do Bem; O Castigo e Perdão dos Pecados; O Batismo das Crianças,Patrística Vol. 40 — A Natureza do Bem; O Castigo e Perdão dos Pecados; O Batismo das Crianças,Santo Agostinho,Santo Agostinho,PT,pt,patristica,183,527319,172,183,"{""unverified"": 178, ""source_text"": 5}",
Agostinho,Agostinho,2045,Patrística Vol. 42 — Tratado sobre o Batismo,Patrística Vol. 42 — Tratado sobre o Batismo,Santo Agostinho,Santo Agostinho,PT,pt,patristica,213,619587,195,213,"{""unverified"": 211, ""source_text"": 2}",
Agostinho,Agostinho,2046,Patrística Vol. 43 — Retratações,Patrística Vol. 43 — Retratações,Santo Agostinho,Santo Agostinho,PT,pt,patristica,108,313444,93,108,"{""unverified"": 108}",
Agostinho,Agostinho,2048,Patrística Vol. 45 — Sobre a Música,Patrística Vol. 45 — Sobre a Música,Santo Agostinho,Santo Agostinho,PT,pt,patristica,171,482835,170,171,"{""unverified"": 170, ""source_text"": 1}",
Agostinho,Agostinho,2050,Patrística Vol. 47_1 — Comentários a São João I,Patrística Vol. 47_1 — Comentários a São João I,Santo Agostinho,Santo Agostinho,PT,pt,patristica,350,974572,350,350,"{""unverified"": 349, ""source_text"": 1}",
Agostinho,Agostinho,2051,Patrística Vol. 47_2 — Comentários a São João II,Patrística Vol. 47_2 — Comentários a São João II,Santo Agostinho,Santo Agostinho,PT,pt,patristica,260,720377,260,260,"{""unverified"": 260}",
Agostinho,Agostinho,2052,Patrística Vol. 47_3 — Comentários a São João III,Patrística Vol. 47_3 — Comentários a São João III,Santo Agostinho,Santo Agostinho,PT,pt,patristica,332,929404,332,332,"{""unverified"": 332}",
Agostinho,Agostinho,2118,Sobre a Música Santo Agostinho,Sobre a Música Santo Agostinho,Santo Agostinho,Santo Agostinho,PT,pt,patristica,171,482835,170,171,"{""unverified"": 170, ""source_text"": 1}",
Agostinho,Santo Agostinho,35,Patrística Vol. 9_2 — Comentário aos Salmos (51-100),Comentário aos Salmos (51-100),Santo Agostinho,Santo Agostinho de Hipona,PT,pt,patristica,955,2740463,659,955,"{""unverified"": 821, ""source_text"": 134}",
Agostinho,Santo Agostinho,43,Patrística Vol. 9_3 — Comentário aos Salmos (101-150),Comentário aos Salmos (101-150),Santo Agostinho,Santo Agostinho de Hipona,PT,pt,patristica,914,2616930,630,914,"{""unverified"": 782, ""source_text"": 132}",
Agostinho,Santo Agostinho,45,Patrística Vol. 11 — Solilóquios; A Vida Feliz,Solilóquios; A Vida Feliz,Santo Agostinho,Santo Agostinho de Hipona,PT,pt,patristica,93,267542,83,93,"{""unverified"": 92, ""source_text"": 1}",
Agostinho,Santo Agostinho,24,Patrística Vol. 7 — A Trindade,,Santo Agostinho,Santo Agostinho de Hipona,PT,pt,patristica,619,1764597,436,619,"{""unverified"": 550, ""source_text"": 69}",
Agostinho,Santo Agostinho,21,Patrística Vol. 8 — O Livre Arbítrio,,Santo Agostinho,Santo Agostinho de Hipona,PT,pt,patristica,216,629770,135,216,"{""unverified"": 167, ""source_text"": 49}",
Agostinho,Santo Agostinho,34,Patrística Vol. 9_1 — Comentário aos Salmos (1-50),Comentário aos Salmos (1-50),Santo Agostinho,Santo Agostinho de Hipona,PT,pt,patristica,714,2047465,510,714,"{""unverified"": 625, ""source_text"": 89}",
Agostinho,Santo Agostinho,44,Patrística Vol. 10 — Confissões,Confissões,Santo Agostinho,Santo Agostinho de Hipona,PT,pt,patristica,307,878908,247,307,"{""unverified"": 306, ""source_text"": 1}",
Agostinho,Santo Agostinho,2013,Patrística Vol. 12 — A Graça (I): O Espírito e a Letra; A Natureza e a Graça; A Graça de Cristo e o Pecado Original,Patrística Vol. 12 — A Graça (I): O Espírito e a Letra; A Natureza e a Graça; A Graça de Cristo e o Pecado Original,Santo Agostinho,Santo Agostinho,PT,pt,patristica,227,648662,184,227,"{""unverified"": 216, ""source_text"": 11}",
Agostinho,Santo Agostinho,2017,Patrística Vol. 16 — Dos Bens do Matrimônio; A Santa Virgindade; Dos Bens da Viuvez,Patrística Vol. 16 — Dos Bens do Matrimônio; A Santa Virgindade; Dos Bens da Viuvez,Santo Agostinho,Santo Agostinho,PT,pt,patristica,202,584769,166,202,"{""unverified"": 191, ""source_text"": 11}",
Agostinho,Santo Agostinho,2020,Patrística Vol. 19 — A Verdadeira Religião; O Cuidado Devido aos Mortos,Patrística Vol. 19 — A Verdadeira Religião; O Cuidado Devido aos Mortos,Santo Agostinho,Santo Agostinho,PT,pt,patristica,140,408484,117,140,"{""unverified"": 137, ""source_text"": 3}",
Agostinho,Santo Agostinho,2014,Patrística Vol. 13 — A Graça (II): A Graça e a Liberdade; A Correção e a Graça; O Dom da Esperança,Patrística Vol. 13 — A Graça (II): A Graça e a Liberdade; A Correção e a Graça; O Dom da Esperança,Santo Agostinho,Santo Agostinho,PT,pt,patristica,212,602743,157,212,"{""unverified"": 195, ""source_text"": 17}",
Agostinho,Santo Agostinho,2018,Patrística Vol. 17 — A Doutrina Cristã,Patrística Vol. 17 — A Doutrina Cristã,Santo Agostinho,Santo Agostinho,PT,pt,patristica,186,549902,160,186,"{""unverified"": 182, ""source_text"": 4}",
Agostinho,Santo Agostinho,2042,Patrística Vol. 39 — A Mentira,Patrística Vol. 39 — A Mentira,Santo Agostinho,Santo Agostinho,PT,pt,patristica,121,356564,95,121,"{""unverified"": 120, ""source_text"": 1}",
Agostinho,Santo Agostinho,2022,Patrística Vol. 21 — Comentário ao Gênesis,Patrística Vol. 21 — Comentário ao Gênesis,Santo Agostinho,Santo Agostinho,PT,pt,patristica,474,1327244,359,474,"{""unverified"": 436, ""source_text"": 38}",
Agostinho,Santo Agostinho,2025,Patrística Vol. 24 — Contra os Acadêmicos; A Ordem; A Grandeza da Alma; O Mestre,Patrística Vol. 24 — Contra os Acadêmicos; A Ordem; A Grandeza da Alma; O Mestre,Santo Agostinho,Santo Agostinho,PT,pt,patristica,293,855352,236,293,"{""unverified"": 276, ""source_text"": 17}",
Agostinho,Santo Agostinho,2026,Patrística Vol. 25 — Explicação das Cartas,Patrística Vol. 25 — Explicação das Cartas,Santo Agostinho,Santo Agostinho,PT,pt,patristica,142,414128,81,142,"{""unverified"": 99, ""source_text"": 43}",
Agostinho,Santo Agostinho,2035,Patrística Vol. 32 — A Fé e o Símbolo; A Disciplina Cristã; A Continência,Patrística Vol. 32 — A Fé e o Símbolo; A Disciplina Cristã; A Continência,Santo Agostinho,Santo Agostinho,PT,pt,patristica,180,518949,136,180,"{""unverified"": 165, ""source_text"": 15}",
Agostinho,Santo Agostinho,2039,Patrística Vol. 36 — O Sermão da Montanha e Escritos sobre a Fé,Patrística Vol. 36 — O Sermão da Montanha e Escritos sobre a Fé,Santo Agostinho,Santo Agostinho,PT,pt,patristica,310,898766,277,310,"{""unverified"": 297, ""source_text"": 13}",
Agostinho,Santo Agostinho,2044,Patrística Vol. 41 — A Simpliciano; Réplica à Carta de Parmeniano,Patrística Vol. 41 — A Simpliciano; Réplica à Carta de Parmeniano,Santo Agostinho,Santo Agostinho,PT,pt,patristica,180,519388,141,180,"{""unverified"": 180}",
Agostinho,Santo Agostinho,2043,Patrística Vol. 40 — A Natureza do Bem; O Castigo e Perdão dos Pecados; O Batismo das Crianças,Patrística Vol. 40 — A Natureza do Bem; O Castigo e Perdão dos Pecados; O Batismo das Crianças,Santo Agostinho,Santo Agostinho,PT,pt,patristica,183,527319,172,183,"{""unverified"": 178, ""source_text"": 5}",
Agostinho,Santo Agostinho,2045,Patrística Vol. 42 — Tratado sobre o Batismo,Patrística Vol. 42 — Tratado sobre o Batismo,Santo Agostinho,Santo Agostinho,PT,pt,patristica,213,619587,195,213,"{""unverified"": 211, ""source_text"": 2}",
Agostinho,Santo Agostinho,2046,Patrística Vol. 43 — Retratações,Patrística Vol. 43 — Retratações,Santo Agostinho,Santo Agostinho,PT,pt,patristica,108,313444,93,108,"{""unverified"": 108}",
Agostinho,Santo Agostinho,2048,Patrística Vol. 45 — Sobre a Música,Patrística Vol. 45 — Sobre a Música,Santo Agostinho,Santo Agostinho,PT,pt,patristica,171,482835,170,171,"{""unverified"": 170, ""source_text"": 1}",
Agostinho,Santo Agostinho,2050,Patrística Vol. 47_1 — Comentários a São João I,Patrística Vol. 47_1 — Comentários a São João I,Santo Agostinho,Santo Agostinho,PT,pt,patristica,350,974572,350,350,"{""unverified"": 349, ""source_text"": 1}",
Agostinho,Santo Agostinho,2051,Patrística Vol. 47_2 — Comentários a São João II,Patrística Vol. 47_2 — Comentários a São João II,Santo Agostinho,Santo Agostinho,PT,pt,patristica,260,720377,260,260,"{""unverified"": 260}",
Agostinho,Santo Agostinho,2052,Patrística Vol. 47_3 — Comentários a São João III,Patrística Vol. 47_3 — Comentários a São João III,Santo Agostinho,Santo Agostinho,PT,pt,patristica,332,929404,332,332,"{""unverified"": 332}",
Agostinho,Santo Agostinho,2118,Sobre a Música Santo Agostinho,Sobre a Música Santo Agostinho,Santo Agostinho,Santo Agostinho,PT,pt,patristica,171,482835,170,171,"{""unverified"": 170, ""source_text"": 1}",
Irineu de Lião,Irineu de Lião,8,Contra as Heresias,Contra as Heresias,Santo Irineu de Lião,Santo Ireneu de Lião,PT,pt,patristica,475,1338305,345,475,"{""unverified"": 428, ""source_text"": 47}",
Irineu de Lião,Irineu de Lião,2036,Patrística Vol. 33 — Demonstração da Pregação Apostólica,Patrística Vol. 33 — Demonstração da Pregação Apostólica,Santo Irineu de Lião,Santo Ireneu de Lião,PT,pt,patristica,106,302509,89,106,"{""unverified"": 106}",
Irineu de Lião,Santo Irineu de Lião,8,Contra as Heresias,Contra as Heresias,Santo Irineu de Lião,Santo Ireneu de Lião,PT,pt,patristica,475,1338305,345,475,"{""unverified"": 428, ""source_text"": 47}",
Irineu de Lião,Santo Irineu de Lião,2036,Patrística Vol. 33 — Demonstração da Pregação Apostólica,Patrística Vol. 33 — Demonstração da Pregação Apostólica,Santo Irineu de Lião,Santo Ireneu de Lião,PT,pt,patristica,106,302509,89,106,"{""unverified"": 106}",
Tertuliano,Tertuliano,2049,Patrística Vol. 46 — Apologia,Patrística Vol. 46 — Apologia,Tertuliano,Tertuliano,PT,pt,patristica,63,187741,62,63,"{""unverified"": 62, ""source_text"": 1}",
Cirilo de Jerusalém,NENHUM,null,null,null,null,null,null,null,null,0,0,0,0,{},Não encontrado em nenhuma tabela ou índice
Ambrósio,Ambrósio,18,Patrística Vol. 5 — Explicação dos Símbolos; Sobre os Sacramentos; Sobre os Mistérios; Sobre a Penitência,,Santo Ambrósio de Milão,São Ambrósio de Milão,PT,pt,patristica,126,356473,91,126,"{""unverified"": 115, ""source_text"": 11}",
Ambrósio,Ambrósio,2027,Patrística Vol. 26 — Examerão,Patrística Vol. 26 — Examerão,Santo Ambrósio,Santo Ambrósio,PT,pt,patristica,214,602769,153,214,"{""unverified"": 214}",
